id,username,password,is_banned,created_at,updated_at
1,VANDEP123,123,0,4/3/2023,4/3/2023
2,CHAN123,123,0,4/3/2023,4/3/2023
3,LUCHOANG123,123,0,4/3/2023,4/3/2023
4,THU123,123,0,4/3/2023,4/3/2023
5,THINH123,123,0,4/3/2023,4/3/2023
6,HA123,123,0,4/3/2023,4/3/2023
7,BuiChinh123,123,0,4/3/2023,4/3/2023
8,LucHoang123,123,0,4/3/2023,4/3/2023
9,AN123,123,0,4/3/2023,4/3/2023
10,TAM123,123,0,4/3/2023,4/3/2023
11,DUY123,123,0,4/3/2023,4/3/2023
12,TUAN123,123,0,4/3/2023,4/3/2023
13,My123 ,123,0,4/3/2023,4/3/2023
14,SANG123,123,0,4/3/2023,4/3/2023
15,Phuoc123,123,0,4/3/2023,4/3/2023
16,Lam123,123,0,4/3/2023,4/3/2023
17,HUYNH123,123,0,4/3/2023,4/3/2023
18,Khoa123,123,0,4/3/2023,4/3/2023
19,Quy123,123,0,4/3/2023,4/3/2023
20,Duy321,123,0,4/3/2023,4/3/2023
21,Thanh123,123,0,4/3/2023,4/3/2023
22,PHUC123,123,0,4/3/2023,4/3/2023
23,THANH331,123,0,4/3/2023,4/3/2023
24,TUAN111,123,0,4/3/2023,4/3/2023
25,NGUYEN111,123,0,4/3/2023,4/3/2023
26,NGUYEN113,123,0,4/3/2023,4/3/2023
27,TRUNG123,123,0,4/3/2023,4/3/2023
28,DUY111,123,0,4/3/2023,4/3/2023
29,ANH111,123,0,4/3/2023,4/3/2023
30,MINH111,123,0,4/3/2023,4/3/2023
31,LINH123,123,0,4/3/2023,4/3/2023
32,PHUC111,123,0,4/3/2023,4/3/2023
33,HOANG111,123,0,4/3/2023,4/3/2023
34,Do111,123,0,4/3/2023,4/3/2023
35,Dat111,123,0,4/3/2023,4/3/2023
36,TUAN113,123,0,4/3/2023,4/3/2023
37,NGUYEN111,123,0,4/3/2023,4/3/2023
38,DUNG111,123,0,4/3/2023,4/3/2023
39,KHOI111,123,0,4/3/2023,4/3/2023
40,PHI111,123,0,4/3/2023,4/3/2023
41,KHOI123,123,0,4/3/2023,4/3/2023
42,HA111,123,0,4/3/2023,4/3/2023
43,MINH112,123,0,4/3/2023,4/3/2023
44,Khanh123,123,0,4/3/2023,4/3/2023
45,CAP112,123,0,4/3/2023,4/3/2023
46,LE111,123,0,4/3/2023,4/3/2023
47,NGO123,123,0,4/3/2023,4/3/2023
48,THANH122,123,0,4/3/2023,4/3/2023
49,PHUOC122,123,0,4/3/2023,4/3/2023
50,LOC111,123,0,4/3/2023,4/3/2023
